agency_id,agency_name,abbreviation,agency_url
msf,Ministry of Social and Family Development,MSF,https://www.msf.gov.sg
moh,Ministry of Health,MOH,https://www.moh.gov.sg
swda,Skills and Workforce Development Agency,SWDA,https://www.myskillsfuture.gov.sg
ecda,Early Childhood Development Agency,ECDA,https://www.ecda.gov.sg
moe,Ministry of Education,MOE,https://www.moe.gov.sg
enterprisesg,Enterprise Singapore,EnterpriseSG,https://www.enterprisesg.gov.sg
ncss,National Council of Social Service,NCSS,https://www.ncss.gov.sg
nac,National Arts Council,NAC,https://www.nac.gov.sg
nrf,"National Research Foundation, Singapore",NRF,https://www.nrf.gov.sg
astar,"Agency for Science, Technology and Research",A*STAR,https://www.a-star.edu.sg
